排名靠前的网页,点击次数,展示,点击率,排名
https://x-grok.top/,290,2252,0.1288,7.73
https://x-grok.top/blog/grok-usage-limits,194,8496,0.022799999999999997,4.99
https://x-grok.top/blog/grok-membership-worth,75,2269,0.0331,6.54
https://x-grok.top/blog/grok-ai-companion-guide,71,4275,0.0166,5.11
https://x-grok.top/blog/grok-free-limit-guide,52,1403,0.0371,7.14
https://x-grok.top/blog/grok-free-vs-membership,43,903,0.047599999999999996,5.79
https://x-grok.top/blog/grok-developer-mode-guide,18,338,0.0533,5.54
https://x-grok.top/blog/grok-app-download-guide,16,1965,0.008100000000000001,5.91
https://x-grok.top/blog/grok-membership-worth.html,15,352,0.0426,6.96
https://x-grok.top/blog/payment-guide,8,176,0.0455,5.41
https://x-grok.top/blog/grok-free-limit-guide.html,4,282,0.014199999999999999,6.59
https://x-grok.top/blog/supergrok-purchase-guide,3,192,0.015600000000000001,5.74
https://x-grok.top/blog/payment-guide.html,3,45,0.0667,5.58
https://x-grok.top/blog/grok-app-vs-x-integrated.html,3,19,0.15789999999999998,4.37
https://x-grok.top/blog/grok-api-vs-membership,2,67,0.029900000000000003,8.39
https://x-grok.top/blog/grok-vs-gemini,2,37,0.0541,6.54
https://x-grok.top/blog/grok-app-vs-x-integrated,1,293,0.0034000000000000002,3.29
https://x-grok.top/blog/,1,96,0.0104,10.38
https://x-grok.top/blog/grok-vs-chatgpt,1,43,0.0233,10.07
https://x-grok.top/blog/grok-free-vs-membership.html,1,13,0.07690000000000001,7.54
https://x-grok.top/blog/grok-api-usage-guide,0,106,0.0,11.43
https://x-grok.top/blog/deepsearch-guide,0,54,0.0,6.61
https://x-grok.top/blog/grok-review-and-analysis,0,45,0.0,7.2
https://x-grok.top/blog/grok-deepsearch-review,0,25,0.0,6.96
https://x-grok.top/blog/woke-free-guide,0,18,0.0,5.72
https://x-grok.top/blog/what-is-grok-beta,0,17,0.0,5.0
https://x-grok.top/about,0,10,0.0,4.7
https://x-grok.top/blog/deepsearch-guide.html,0,7,0.0,6.43
https://x-grok.top/blog/what-is-grok,0,7,0.0,11.71
https://x-grok.top/blog/woke-free-guide.html,0,4,0.0,7.0
https://x-grok.top/blog/grok-education-guide,0,3,0.0,8.67
https://x-grok.top/blog/grok-api-vs-membership.html,0,2,0.0,2.0
https://x-grok.top/blog/grok-deepsearch-review.html,0,1,0.0,1.0
