Keyword,Source,Seed
grok download,Bing,Grok
grok download,Google,Grok
grok订阅,Google,Grok
grok打不开,Google,Grok
grok登录不上,Google,Grok
grok登录不了,Google,Grok
grok登录,Google,Grok
grok达到消息限制,Google,Grok
grok的ai伴侣,Google,Grok
grok电脑版,Google,Grok
grok deep research,Bing,Grok
grok deep research,Google,Grok
grok登录失败,Google,Grok
grok的api,Google,Grok
grok订阅价格,Google,Grok
grok的使用限制,Google,Grok
grok读音,Google,Grok
grok下载,Bing,Grok
grok下载,Google,Grok
grok3,Bing,Grok
grok3,Google,Grok
grok imagine,Bing,Grok
grok imagine,Google,Grok
grok api,Bing,Grok
grok api,Google,Grok
grok 官网,Google,Grok
grokipedia,Bing,Grok
grokipedia,Google,Grok
grok app,Bing,Grok
grok app,Google,Grok
grok是什么,Bing,Grok
grok是什么,Google,Grok
grok 安卓 下载,Google,Grok
grok官网,Bing,Grok
grok官网,Google,Grok
grok4官网,Bing,Grok
grok3官网,Bing,Grok
grok官网下载,Bing,Grok
grok官网下载,Google,Grok
grok官网地址,Bing,Grok
grok购买,Bing,Grok
grok购买,Google,Grok
grok关键词,Google,Grok
grok github,Bing,Grok
grok github,Google,Grok
grok gemini chatgpt 对比,Google,Grok
grok更新,Google,Grok
grok gemini,Bing,Grok
grok gemini,Google,Grok
grok google play,Bing,Grok
grok google play,Google,Grok
grok gemini chatgpt,Bing,Grok
grok gemini chatgpt,Google,Grok
grok高级账号,Google,Grok
grok 攻略,Google,Grok
grok官网3,Bing,Grok
grok for mac,Bing,Grok
grok for mac,Google,Grok
grok free,Bing,Grok
grok free,Google,Grok
grok翻译,Google,Grok
grok for android,Bing,Grok
grok for android,Google,Grok
grok发生错误,Google,Grok
grok 付费,Google,Grok
grok for windows,Bing,Grok
grok for windows,Google,Grok
grok 发音,Google,Grok
grok finance,Bing,Grok
grok finance,Google,Grok
grok free api,Bing,Grok
grok free api,Google,Grok
grok费用,Google,Grok
grok焚诀,Bing,Grok
grok额度,Bing,Grok
grok额度,Google,Grok
grok education,Bing,Grok
grok education,Google,Grok
grok额度已用尽,Google,Grok
grok额度用尽,Google,Grok
grok额度会刷新吗,Google,Grok
grok额度限制,Google,Grok
grok exporter,Bing,Grok
grok exporter,Google,Grok
grok expert,Bing,Grok
grok expert,Google,Grok
grok elon musk,Bing,Grok
grok elon musk,Google,Grok
grok额度多久恢复,Google,Grok
grok额度多少,Google,Grok
grok额度用完,Google,Grok
grok exe,Bing,Grok
grok exe,Google,Grok
grok code,Bing,Grok
grok code,Google,Grok
grok code fast 1,Bing,Grok
grok code fast 1,Google,Grok
grok cli,Bing,Grok
grok cli,Google,Grok
grok成人模式怎么用,Google,Grok
grok成人功能,Google,Grok
grok次数限制,Google,Grok
grok code fast,Bing,Grok
grok code fast,Google,Grok
grok成人模式怎么开启,Google,Grok
grok code fast 1怎么样,Google,Grok
grok chat,Bing,Grok
grok chat,Google,Grok
grok尺度,Google,Grok
grok code fast 1 性能,Bing,Grok
grok 本地部署,Google,Grok
grok百科,Google,Grok
grok 伴侣,Google,Grok
grok崩了,Google,Grok
grok被屏蔽,Google,Grok
grok beta,Bing,Grok
grok beta,Google,Grok
grok被管理,Google,Grok
grok 编程,Google,Grok
grok伴侣模式,Google,Grok
grok不能登录,Google,Grok
grok by xai,Bing,Grok
grok by xai,Google,Grok
grok不是免费的吗,Google,Grok
grok编程能力,Google,Grok
grok blocked due to abusive traffic patterns,Bing,Grok
grok blocked due to abusive traffic patterns,Google,Grok
grok 伴侣 安卓,Google,Grok
grok吧,Bing,Grok
grok本地部署,Bing,Grok
grok beta官网,Bing,Grok
grok apk,Bing,Grok
grok apk,Google,Grok
grok安装包,Google,Grok
grok app下载,Bing,Grok
grok app下载,Google,Grok
grok apk 安装 包,Google,Grok
grok安卓,Google,Grok
grok apk 下载,Google,Grok
grok api key,Bing,Grok
grok api key,Google,Grok
grok ai伴侣,Google,Grok
grok 安卓 安装 包,Google,Grok
grok api 免费额度,Google,Grok
grok ai 官网,Bing,Grok
grok ai 官网,Google,Grok
grok ai下载,Bing,Grok
grok ai女友,Bing,Grok
grok api 免费,Bing,Grok
grok api调用,Bing,Grok
grok apk下载,Bing,Grok
grok logo,Bing,Grok
grok logo,Google,Grok
grok limit,Bing,Grok
grok limit,Google,Grok
grok聊天,Google,Grok
grok login,Bing,Grok
grok login,Google,Grok
grok老版本,Google,Grok
grok 聊天上限,Google,Grok
grok连接不上,Google,Grok
grok 聊天机器人,Google,Grok
grok聊天限制,Google,Grok
grok历史版本,Google,Grok
grok辣味模式,Google,Grok
grok 辣模式,Google,Grok
grok 连登,Google,Grok
grok 会员 价格,Google,Grok
grok和chatgpt哪个好用,Google,Grok
grok和chatgpt对比,Google,Grok
grok 伙伴,Google,Grok
grok好用吗,Bing,Grok
grok好用吗,Google,Grok
grok合租,Google,Grok
grok和chatgpt,Google,Grok
grok和gemini,Bing,Grok
grok和gemini,Google,Grok
grok火辣模式,Google,Grok
grok会员购买,Bing,Grok
grok会员购买,Google,Grok
grok画图,Google,Grok
grok和gpt哪个好,Google,Grok
grok 火辣,Google,Grok
grok和claude,Bing,Grok
grok和claude,Google,Grok
grok会员,Bing,Grok
grok和chatgpt哪个强大,Bing,Grok
grok 黄文,Bing,Grok
grok和deepseek,Bing,Grok
grok 画像生成 制限,Bing,Grok
grok会员价格,Bing,Grok
grok开发者模式,Bing,Grok
grok开发者模式,Google,Grok
grok客户端,Google,Grok
grok开发者,Google,Grok
grok 开源,Bing,Grok
grok 开源,Google,Grok
grok 开发者提示词,Google,Grok
grok可以免费使用吗,Google,Grok
grok开放平台,Google,Grok
grok开启spicy,Google,Grok
grok开发者平台,Google,Grok
grok可以本地部署吗,Google,Grok
grok 控制台,Google,Grok
grok 开发 者 模式 不能 用 了,Google,Grok
grok可以生成图片吗,Google,Grok
grok开发者指令,Google,Grok
grok开源吗,Google,Grok
grok开发文档,Bing,Grok
grokker,Bing,Grok
grokker,Google,Grok
grokking the system design interview,Bing,Grok
grokking the system design interview,Google,Grok
grok image,Bing,Grok
grok image,Google,Grok
grok imagine 提示词,Google,Grok
grok imagine spicy mode,Bing,Grok
grok imagine spicy mode,Google,Grok
grok imagine 额度,Google,Grok
grok imagine 免费,Google,Grok
grok imagine 限制,Google,Grok
grok imagine 解除 限制,Google,Grok
grok image 提示 词,Google,Grok
grok imagine 审核,Google,Grok
grok 免费,Google,Grok
grok mac,Bing,Grok
grok mac,Google,Grok
grok免费额度,Bing,Grok
grok免费额度,Google,Grok
grok mika,Bing,Grok
grok mika,Google,Grok
grok免费次数,Google,Grok
grok模型,Google,Grok
grok每天使用次数,Google,Grok
grok免费吗,Bing,Grok
grok免费吗,Google,Grok
grok免费使用,Bing,Grok
grok免费使用,Google,Grok
grok 每天限制,Google,Grok
grok mac 下载,Google,Grok
grok mac客户端,Google,Grok
grok 免费api,Google,Grok
grok macos,Bing,Grok
grok macos,Google,Grok
grok免费,Bing,Grok
grok 内容已管理,Google,Grok
grok内容未通过审核,Bing,Grok
grok内容未通过审核,Google,Grok
grok 内容已管理。请尝试一个不同的想法。,Google,Grok
grok 内容未通过审核。请尝试其他想法,Google,Grok
grok女友,Google,Grok
grok年龄认证,Google,Grok
grok能做什么,Google,Grok
grok 逆向,Google,Grok
grok no response,Bing,Grok
grok no response,Google,Grok
grok能生成视频吗,Google,Grok
grok内容限制,Google,Grok
grok 逆向 api,Google,Grok
grok内容被管理,Google,Grok
grok 您的团队禁用了图像上传,Google,Grok
grok 内容已审核。尝试不同的想法。,Google,Grok
grok 女友,Bing,Grok
grok 年齢設定,Bing,Grok
grok online,Bing,Grok
grok online,Google,Grok
grok open source,Bing,Grok
grok open source,Google,Grok
grok oops something broke. talk to me later,Bing,Grok
grok oops something broke. talk to me later,Google,Grok
grok or chatgpt,Bing,Grok
grok or chatgpt,Google,Grok
grok official website,Bing,Grok
grok official website,Google,Grok
grok ollama,Bing,Grok
grok ollama,Google,Grok
grok openai,Bing,Grok
grok openai,Google,Grok
grok on x,Bing,Grok
grok on x,Google,Grok
grok解除限制,Google,Grok
grok解除限制提示词,Google,Grok
grok价格,Bing,Grok
grok价格,Google,Grok
grok介绍,Bing,Grok
grok介绍,Google,Grok
grok 解除 限制 最新,Google,Grok
grok镜像,Bing,Grok
grok镜像,Google,Grok
grok解禁,Google,Grok
grok镜像网站,Bing,Grok
grok镜像网站,Google,Grok
grok解除图片限制,Google,Grok
grok教育优惠,Google,Grok
grok解锁,Google,Grok
grok教程,Bing,Grok
grok教程,Google,Grok
grok jailbreak,Bing,Grok
grok jailbreak,Google,Grok
grok解禁词,Bing,Grok
grok解禁词,Google,Grok
grok解禁提示词,Google,Grok
grok镜像站,Bing,Grok
grok 解除限制,Bing,Grok
grok破限,Bing,Grok
grok破限,Google,Grok
grok拼车,Google,Grok
grok premium,Bing,Grok
grok premium,Google,Grok
grok prompt,Bing,Grok
grok prompt,Google,Grok
grok price,Bing,Grok
grok price,Google,Grok
grok破限词,Google,Grok
grok pricing,Bing,Grok
grok pricing,Google,Grok
grok破除限制,Google,Grok
grok破解指令,Google,Grok
grok 皮科文,Google,Grok
grok pc版,Bing,Grok
grok破甲,Bing,Grok
grok破解版,Bing,Grok
grok去除限制,Google,Grok
grok权限被拒,Google,Grok
grok取消订阅,Google,Grok
grok取消成人限制,Google,Grok
grok 轻点以重新连线,Google,Grok
grok 强项,Google,Grok
grok取消限制,Google,Grok
grok去水印,Google,Grok
grok 请取消阻止 challenges.cloudflare.com 后继续。,Google,Grok
grok去衣指令,Google,Grok
grok 取消审核,Google,Grok
grok强吗,Google,Grok
grok去掉衣服,Google,Grok
grok 取代,Google,Grok
grok 缺点,Google,Grok
grok 價格,Bing,Grok
grok 價錢,Bing,Grok
grok绕过审核,Google,Grok
grok如何突破限制,Google,Grok
grok reddit,Bing,Grok
grok reddit,Google,Grok
grok rate limits,Bing,Grok
grok rate limits,Google,Grok
grok如何使用,Bing,Grok
grok如何使用,Google,Grok
grok rate limit reached,Bing,Grok
grok rate limit reached,Google,Grok
grok软件,Google,Grok
grok如何生成视频,Google,Grok
grok如何生成图片,Google,Grok
grok入口,Google,Grok
grok人工智能助理,Google,Grok
grok如何解除图片限制,Google,Grok
grok如何设置年龄,Google,Grok
grok绕过,Google,Grok
grok软件下载,Google,Grok
grok如何解除限制,Bing,Grok
grok spicy,Bing,Grok
grok spicy,Google,Grok
grok视频,Google,Grok
grok是哪家公司的,Bing,Grok
grok是哪家公司的,Google,Grok
grok spicy mode,Bing,Grok
grok spicy mode,Google,Grok
grok视频已被管理,Google,Grok
grok生成图片解除限制,Google,Grok
grok视频生成,Bing,Grok
grok视频生成,Google,Grok
grok视频提示词,Google,Grok
grok生图,Google,Grok
grok生成图片,Google,Grok
grok 视频已审核,Google,Grok
grok spicy模式,Google,Grok
grok视频被管理,Google,Grok
grok视频生成上限,Google,Grok
groks,Bing,Grok
groks,Google,Grok
grok是免费的吗,Bing,Grok
grok生成视频,Bing,Grok
grok是哪个公司的,Bing,Grok
grok提示词,Bing,Grok
grok提示词,Google,Grok
grok图像被管理,Bing,Grok
grok图像被管理,Google,Grok
grok图生视频,Google,Grok
grok突破限制,Google,Grok
grok图片审核,Google,Grok
grok图标,Bing,Grok
grok图标,Google,Grok
grok 图片 越狱,Google,Grok
grok 图片生成,Google,Grok
grok 图片生成视频,Google,Grok
grok图生视频提示词,Google,Grok
grok图片提示词,Google,Grok
grok 图片 解除 限制,Bing,Grok
grok 图片 解除 限制,Google,Grok
grok图片,Google,Grok
grok 图片 已 被 审核,Google,Grok
grok贴吧,Bing,Grok
grok图片已被审核,Bing,Grok
grok图片生成,Bing,Grok
grok usage watch,Bing,Grok
grok usage watch,Google,Grok
grok unhinged,Bing,Grok
grok unhinged,Google,Grok
grok update,Bing,Grok
grok update,Google,Grok
grok unhinged mode,Bing,Grok
grok unhinged mode,Google,Grok
grok unlimited,Bing,Grok
grok unlimited,Google,Grok
grok usage limits,Bing,Grok
grok usage limits,Google,Grok
grok video,Bing,Grok
grok video,Google,Grok
grok vs chatgpt,Bing,Grok
grok vs chatgpt,Google,Grok
grok video generator,Bing,Grok
grok video generator,Google,Grok
grok valentine,Bing,Grok
grok valentine,Google,Grok
grok vs gemini,Bing,Grok
grok vs gemini,Google,Grok
grok voice,Bing,Grok
grok voice,Google,Grok
grok vs chatgpt vs gemini,Bing,Grok
grok vs chatgpt vs gemini,Google,Grok
grok vscode,Bing,Grok
grok vscode,Google,Grok
grok无限制,Bing,Grok
grok无限制,Google,Grok
grok网页,Google,Grok
grok无法登录,Google,Grok
grok windows,Bing,Grok
grok windows,Google,Grok
grok无限制模式,Google,Grok
grok无法完成回复,Google,Grok
grok无限制版,Google,Grok
grok wiki,Bing,Grok
grok wiki,Google,Grok
grok无响应,Google,Grok
grok windows 下载,Google,Grok
grok无法访问,Google,Grok
grok web,Bing,Grok
grok web,Google,Grok
grok玩法,Google,Grok
grok维基百科,Google,Grok
grok网页版,Bing,Grok
grok web版,Bing,Grok
grok 下载 apk,Google,Grok
grok限制,Google,Grok
grok学生优惠,Google,Grok
grok下载安卓,Bing,Grok
grok下载安卓,Google,Grok
grok消息限制,Google,Grok
grok限制次数,Google,Grok
grok下载mac,Google,Grok
grok限额,Google,Grok
grok学生认证,Google,Grok
grok虚拟伴侣,Google,Grok
grok xai,Bing,Grok
grok xai,Google,Grok
grok 下载 windows,Google,Grok
grok 学生,Google,Grok
grok 项目指令,Google,Grok
grok下载电脑版,Bing,Grok
grok卸甲,Bing,Grok
grok 限制,Bing,Grok
grok下载官网,Bing,Grok
grok卸甲版,Bing,Grok
grok下载apk,Bing,Grok
grok语音模式,Bing,Grok
grok语音模式,Google,Grok
grok已达到消息限制,Bing,Grok
grok已达到消息限制,Google,Grok
grok 越狱 最新,Google,Grok
grok一天能用几次,Google,Grok
grok语音,Google,Grok
grok有次数限制吗,Bing,Grok
grok有次数限制吗,Google,Grok
grok语音用不了,Google,Grok
grok语音一直连接中,Google,Grok
grok 越狱 2025,Google,Grok
grok 越狱 prompt,Google,Grok
grok 意思,Google,Grok
grok优惠,Google,Grok
grok用不了,Google,Grok
grok有限制吗,Google,Grok
grok有app吗,Bing,Grok
grok有app吗,Google,Grok
grok越狱,Bing,Grok
grok有电脑版吗,Bing,Grok
grok 影片生成,Bing,Grok
grok与chatgpt技术指标对比,Bing,Grok
grok 有料プラン,Bing,Grok
grok 会员 淘宝,Google,Grok会员
grok会员有什么用,Bing,Grok会员
grok会员有什么用,Google,Grok会员
grok会员免费,Google,Grok会员
grok会员区别,Google,Grok会员
grok会员版,Google,Grok会员
grok会员介绍,Google,Grok会员
grok会员代充,Bing,Grok会员
grok会员合租,Bing,Grok会员
grok会员多少钱,Bing,Grok会员
grok会员多少钱,Google,Grok会员
grok会员与非会员区别,Bing,Grok会员
grok会员账号,Bing,Grok会员
grok 会员 共享,Bing,Grok会员
grok会员次数,Bing,Grok会员
grok 中文,Google,Grok
grok账号,Bing,Grok
grok账号,Google,Grok
grok怎么用,Bing,Grok
grok怎么用,Google,Grok
grok怎么读,Bing,Grok
grok怎么读,Google,Grok
grok注册,Google,Grok
grok怎么样,Bing,Grok
grok怎么样,Google,Grok
grok指令,Bing,Grok
grok指令,Google,Grok
grok怎么破限,Google,Grok
grok怎么解除图片限制,Google,Grok
grok怎么生成视频,Google,Grok
grok在线,Bing,Grok
grok在线,Google,Grok
grok最新越狱,Google,Grok
grok怎么玩,Google,Grok
grok桌面版,Google,Grok
grok最新版本,Google,Grok
grok中文,Bing,Grok
grok怎么解除限制,Bing,Grok
grok指南,Bing,Grok
grok 中文版,Bing,Grok
grok怎么下载,Bing,Grok
grok在线使用,Bing,Grok
grok会员差别,Google,Grok会员
grok 4会员,Bing,Grok会员
grok免费会员,Bing,Grok会员
grok 会员费用,Google,Grok会员
grok 入口,Google,Grok会员
grok 国内,Google,Grok会员
grok 开源 吗,Google,Grok会员
grok评测,Google,Grok会员
grok 机器人,Google,Grok会员
grok 市值,Google,Grok会员
grok 团队,Google,Grok会员
grok开源,Google,Grok会员
grok意思,Google,Grok会员
supergrok 订阅,Bing,SuperGrok
supergrok 订阅,Google,SuperGrok
supergrok 破解,Google,SuperGrok
supergrok 账号 购买,Google,SuperGrok
supergrok edu,Bing,SuperGrok
supergrok edu,Google,SuperGrok
supergrok heavy 区别,Google,SuperGrok
supergrok 限制,Bing,SuperGrok
supergrok 限制,Google,SuperGrok
supergrok价格,Bing,SuperGrok
supergrok价格,Google,SuperGrok
supergrok 下载,Google,SuperGrok
supergrok有什么功能,Bing,SuperGrok
supergrok有什么功能,Google,SuperGrok
supergrok官网,Bing,SuperGrok
supergrok 動画生成,Bing,SuperGrok
supergrok 動画生成 制限,Bing,SuperGrok
supergrok 制限,Bing,SuperGrok
supergrok api,Bing,SuperGrok
supergrok api,Google,SuperGrok
supergrok次数,Bing,SuperGrok
supergrok次数,Google,SuperGrok
supergrok 差别,Google,SuperGrok
supergrok 次数 限制,Google,SuperGrok
supergrok companion,Bing,SuperGrok
supergrok companion,Google,SuperGrok
supergrok 差別,Bing,SuperGrok
supergrok充值,Bing,SuperGrok
supergrok额度,Google,SuperGrok
supergrok education,Bing,SuperGrok
supergrok education,Google,SuperGrok
supergrok 额度,Bing,SuperGrok
super grok price,Bing,SuperGrok
super grok price,Google,SuperGrok
supergrok 分别,Bing,SuperGrok
supergrok 分别,Google,SuperGrok
supergrok 费用,Google,SuperGrok
supergrok 方案,Google,SuperGrok
supergrok 費用,Bing,SuperGrok
supergrok购买失败,Google,SuperGrok
supergrok功能,Google,SuperGrok
supergrok 割引,Bing,SuperGrok
supergrok 共享,Bing,SuperGrok
supergrok 功能,Bing,SuperGrok
supergrok合租,Bing,SuperGrok
supergrok购买,Bing,SuperGrok
super grok 高い,Bing,SuperGrok
grok和supergrok,Bing,SuperGrok
supergrok heavy vs supergrok,Bing,SuperGrok
supergrok heavy vs supergrok,Google,SuperGrok
supergrok heavy imagine,Bing,SuperGrok
supergrok heavy imagine,Google,SuperGrok
supergrok heavy功能,Google,SuperGrok
supergrok 回数制限,Bing,SuperGrok
supergrok好用吗,Bing,SuperGrok
supergrok和gpt,Bing,SuperGrok
supergrok和grok,Bing,SuperGrok
supergrok 的所有功能,Google,SuperGrok
supergrok discount code,Bing,SuperGrok
supergrok discount code,Google,SuperGrok
supergrok代充,Bing,SuperGrok
supergrok多少钱,Bing,SuperGrok
supergrok多少钱一个月,Bing,SuperGrok
supergrok imagine 上限,Google,SuperGrok
supergrok india,Bing,SuperGrok
supergrok india,Google,SuperGrok
supergrok 价格,Google,SuperGrok
supergrok镜像,Bing,SuperGrok
supergrok镜像,Google,SuperGrok
super grok,Bing,SuperGrok
super grok,Google,SuperGrok
supergo挖矿,Google,SuperGrok
supergrok 解約,Bing,SuperGrok
supergrok镜像站,Bing,SuperGrok
supergrok免费,Bing,SuperGrok
supergrok 料金,Bing,SuperGrok
supergrok ptt,Bing,SuperGrok
supergrok ptt,Google,SuperGrok
supergrok 评价,Google,SuperGrok
supergrok 便宜,Google,SuperGrok
supergrok paypal,Bing,SuperGrok
supergrok paypal,Google,SuperGrok
supergrok 取消订阅,Google,SuperGrok
supergrok quota,Bing,SuperGrok
supergrok quota,Google,SuperGrok
supergrok 價格,Bing,SuperGrok
supergrok 價錢,Bing,SuperGrok
supergrok reddit,Bing,SuperGrok
supergrok reddit,Google,SuperGrok
supergrok 日本円,Bing,SuperGrok
supergrok 试用,Google,SuperGrok
supergrok 使用上限,Bing,SuperGrok
supergrok 使用上限,Google,SuperGrok
supergrok上限,Google,SuperGrok
supergrok 审查,Google,SuperGrok
supergrok 是 什么,Google,SuperGrok
supergrok 価格,Bing,SuperGrok
supergrok vs grok,Bing,SuperGrok
supergrok vs grok,Google,SuperGrok
super grok vs chatgpt,Bing,SuperGrok
super grok vs chatgpt,Google,SuperGrok
supergrok 香港,Google,SuperGrok
supergrok消息限制,Bing,SuperGrok
supergrok消息限制,Google,SuperGrok
supergrok 性能,Google,SuperGrok
supergrok 学生,Bing,SuperGrok
supergrok下载,Bing,SuperGrok
supergrok 影片长度,Google,SuperGrok
supergrok 影片上限,Google,SuperGrok
supergrok 印度,Google,SuperGrok
supergrok有哪些功能,Bing,SuperGrok
super grok 月額,Bing,SuperGrok
grok ai 教程,Google,Grok教程
grok使用教程,Bing,Grok教程
grok使用教程,Google,Grok教程
grok 教程 正则匹配,Bing,Grok教程
grok注册教程,Bing,Grok教程
grok卸甲教程,Bing,Grok教程
grok语法教程,Bing,Grok教程
logstash grok示例教程,Bing,Grok教程
grok安装教程,Bing,Grok教程
grok下载教程,Bing,Grok教程
supergrok 值得吗,Google,SuperGrok
supergrok账号,Bing,SuperGrok
supergrok账号购买,Bing,SuperGrok
supergrok 値段,Bing,SuperGrok
supergrok怎么买,Bing,SuperGrok
super grok 支払い方法,Bing,SuperGrok
grok使用,Google,Grok教程
grok解析,Google,Grok教程
grokking deep learning 中文版,Bing,Grok教程
grok_exporter配置,Bing,Grok教程
grok app 上线:免费 ai 助手+生图 openai、claude 新对手,Bing,Grok教程
grok调试,Google,Grok教程
grok-3与deepseek,Bing,Grok教程
马斯克宣布 grok 3 语音模式早期测试版已上线,Bing,Grok教程
grok 无法完成回复。 请稍后再试或使用其他模型,Bing,Grok教程
grok 学习,Google,Grok教程
grok 系统,Google,Grok教程
grok 怎么 注册,Google,Grok教程
grok购买失败,Google,Grok购买
grok 收费 吗,Google,Grok购买
grok 免费 吗,Google,Grok购买
grok账号购买,Bing,Grok购买
grok api购买,Bing,Grok购买
如何购买grok,Bing,Grok购买
grok 4购买,Bing,Grok购买
grok ai 价格,Google,Grok购买
grok币,Google,Grok购买
grand bk corp 公司产品,Bing,Grok购买
grand bk corp 公司评价,Bing,Grok购买
马斯克:grok 3大模型即将发布,Bing,Grok购买
马斯克大模型grok-1 开源,Bing,Grok购买
马斯克20万块gpu炼出grok-3,Bing,Grok购买
马斯克发布grok-3:性能更强了 但真有新突破,Bing,Grok购买
grok 网址,Google,Grok购买
